,Tempo,T0,T1,T2,T3,T4
0,75935,22.28,22.06,22.11,22.93,27.43
1,76992,22.24,22.03,22.13,22.96,27.52
2,78048,22.22,22.07,22.14,22.95,27.66
3,79105,22.24,22.09,22.11,22.93,27.74
4,80160,22.26,22.07,22.14,22.96,27.86
5,81217,22.2,22.09,22.11,22.96,27.97
6,82273,22.21,22.07,22.13,22.96,28.04
7,83330,22.23,22.07,22.11,22.97,28.13
8,84386,22.24,22.04,22.1,22.96,28.21
9,85442,22.24,22.04,22.1,22.96,28.29
10,86499,22.21,22.06,22.13,22.96,28.43
11,87555,22.25,22.07,22.12,22.94,28.52
12,88611,22.2,22.07,22.11,22.97,28.63
13,89667,22.23,22.07,22.13,22.98,28.7
14,90724,22.25,22.07,22.11,23.0,28.79
15,91780,22.25,22.05,22.13,22.99,28.89
16,92836,22.24,22.06,22.12,22.99,29.01
17,93892,22.22,22.07,22.11,23.01,29.1
18,94949,22.21,22.05,22.11,23.0,29.19
19,96005,22.23,22.07,22.11,23.02,29.29
20,97061,22.24,22.04,22.13,23.01,29.36
21,98117,22.23,22.07,22.11,23.01,29.46
22,99174,22.26,22.07,22.14,23.0,29.56
23,100230,22.22,22.05,22.1,23.02,29.65
24,101286,22.24,22.05,22.11,23.02,29.74
25,102343,22.2,22.05,22.14,23.03,29.85
26,103400,22.21,22.08,22.12,23.03,29.93
27,104457,22.23,22.06,22.11,23.04,29.99
28,105512,22.2,22.07,22.11,23.06,30.08
29,106569,22.26,22.11,22.11,23.03,30.17
30,107626,22.2,22.07,22.11,23.05,30.27
31,108683,22.23,22.04,22.11,23.06,30.31
32,109740,22.2,22.04,22.1,23.07,30.41
33,110796,22.23,22.07,22.11,23.09,30.49
34,111853,22.27,22.07,22.11,23.09,30.57
35,112909,22.24,22.05,22.11,23.08,30.64
36,113966,22.24,22.1,22.11,23.09,30.74
37,115022,22.26,22.05,22.11,23.12,30.8
38,116079,22.26,22.07,22.13,23.11,30.89
39,117135,22.24,22.06,22.12,23.13,30.96
40,118192,22.19,22.04,22.11,23.13,31.07
41,119248,22.24,22.07,22.11,23.15,31.17
42,120305,22.24,22.07,22.1,23.15,31.28
43,121362,22.28,22.05,22.12,23.16,31.35
44,122418,22.2,22.09,22.11,23.18,31.44
45,123474,22.24,22.06,22.11,23.18,31.56
46,124531,22.23,22.07,22.12,23.2,31.65
47,125588,22.2,22.09,22.11,23.2,31.73
48,126645,22.24,22.04,22.11,23.19,31.8
49,127702,22.2,22.07,22.13,23.23,31.9
50,128757,22.21,22.07,22.12,23.23,32.01
51,129814,22.27,22.06,22.11,23.23,32.09
52,130871,22.26,22.08,22.11,23.25,32.2
53,131928,22.22,22.06,22.11,23.25,32.26
54,132984,22.23,22.06,22.11,23.25,32.37
55,134041,22.24,22.07,22.11,23.27,32.43
56,135098,22.25,22.08,22.12,23.31,32.51
57,136155,22.24,22.07,22.13,23.31,32.6
58,137211,22.21,22.06,22.12,23.31,32.67
59,138268,22.22,22.07,22.11,23.33,32.78
60,139324,22.23,22.08,22.11,23.33,32.89
61,140381,22.25,22.08,22.13,23.36,32.99
62,141437,22.22,22.09,22.11,23.35,33.06
63,142494,22.25,22.06,22.12,23.38,33.13
64,143551,22.23,22.07,22.11,23.38,33.2
65,144608,22.22,22.08,22.12,23.39,33.27
66,145665,22.24,22.04,22.11,23.4,33.35
67,146721,22.24,22.06,22.11,23.42,33.42
68,147778,22.19,22.07,22.11,23.43,33.52
69,148835,22.22,22.05,22.11,23.45,33.58
70,149892,22.22,22.04,22.12,23.46,33.66
71,150947,22.2,22.07,22.11,23.45,33.75
72,152004,22.2,22.03,22.11,23.47,33.83
73,153061,22.21,22.04,22.09,23.51,33.9
74,154118,22.23,22.04,22.1,23.51,33.97
75,155174,22.21,22.05,22.11,23.52,34.08
76,156231,22.22,22.04,22.1,23.53,34.17
77,157288,22.18,22.04,22.12,23.55,34.28
78,158345,22.2,22.07,22.11,23.57,34.33
79,159401,22.23,22.05,22.1,23.58,34.41
80,160458,22.22,22.04,22.11,23.6,34.5
81,161515,22.2,22.07,22.1,23.6,34.58
82,162572,22.22,22.04,22.11,23.62,34.67
83,163629,22.2,22.04,22.11,23.62,34.74
84,164684,22.21,22.04,22.11,23.65,34.84
85,165741,22.18,22.05,22.11,23.67,34.93
86,166798,22.23,22.08,22.11,23.68,35.0
87,167855,22.23,22.06,22.11,23.72,35.09
88,168911,22.2,22.05,22.11,23.73,35.18
89,169968,22.22,22.05,22.11,23.74,35.3
90,171025,22.26,22.04,22.11,23.74,35.34
91,172082,22.21,22.08,22.1,23.74,35.43
92,173138,22.2,22.08,22.11,23.79,35.48
93,174195,22.19,22.06,22.11,23.79,35.53
94,175252,22.21,22.06,22.11,23.81,35.55
95,176309,22.21,22.05,22.11,23.83,35.58
96,177366,22.25,22.08,22.13,23.85,35.6
97,178422,22.26,22.06,22.13,23.87,35.6
98,179479,22.18,22.07,22.11,23.89,35.65
99,180536,22.19,22.06,22.12,23.89,35.68
100,181593,22.22,22.07,22.14,23.94,35.73
101,182649,22.19,22.05,22.13,23.92,35.74
102,183706,22.22,22.07,22.11,23.96,35.8
103,184763,22.2,22.07,22.16,23.99,35.84
104,185820,22.21,22.09,22.14,24.0,35.86
105,186876,22.21,22.07,22.14,24.03,35.89
106,187933,22.21,22.07,22.16,24.04,35.98
107,188990,22.19,22.07,22.15,24.05,35.97
108,190047,22.22,22.08,22.14,24.07,35.98
109,191104,22.25,22.07,22.13,24.09,36.02
110,192160,22.18,22.06,22.14,24.11,36.01
111,193217,22.24,22.07,22.16,24.14,36.03
112,194274,22.24,22.06,22.16,24.15,36.09
113,195331,22.25,22.08,22.15,24.16,36.14
114,196387,22.21,22.04,22.16,24.19,36.24
115,197444,22.21,22.09,22.16,24.21,36.35
116,198501,22.23,22.08,22.16,24.23,36.45
117,199558,22.22,22.07,22.16,24.28,36.57
118,200614,22.22,22.08,22.16,24.26,36.7
119,201671,22.21,22.1,22.17,24.3,36.86
120,202728,22.26,22.08,22.18,24.33,36.99
121,203785,22.23,22.09,22.17,24.35,37.12
122,204841,22.22,22.09,22.17,24.36,37.27
123,205898,22.23,22.08,22.16,24.37,37.39
124,206955,22.22,22.07,22.17,24.39,37.58
125,208013,22.24,22.08,22.17,24.42,37.68
126,209070,22.26,22.05,22.17,24.44,37.79
127,210126,22.24,22.08,22.16,24.46,37.87
128,211183,22.21,22.07,22.17,24.48,37.99
129,212240,22.24,22.09,22.17,24.5,38.07
130,213297,22.23,22.09,22.17,24.54,38.16
131,214353,22.23,22.09,22.16,24.56,38.25
132,215410,22.2,22.09,22.17,24.6,38.31
133,216467,22.22,22.09,22.18,24.6,38.39
134,217524,22.24,22.08,22.17,24.62,38.45
135,218580,22.27,22.09,22.16,24.63,38.55
136,219637,22.25,22.09,22.18,24.66,38.6
137,220694,22.21,22.07,22.16,24.7,38.65
138,221751,22.21,22.09,22.17,24.7,38.74
139,222809,22.24,22.08,22.17,24.74,38.78
140,223865,22.25,22.09,22.16,24.75,38.85
141,224922,22.24,22.09,22.18,24.81,38.88
142,225979,22.24,22.07,22.18,24.83,38.93
143,227036,22.22,22.09,22.18,24.81,38.93
144,228092,22.24,22.08,22.18,24.85,39.01
145,229149,22.23,22.07,22.17,24.86,39.04
146,230206,22.24,22.07,22.18,24.9,39.06
147,231263,22.2,22.1,22.18,24.94,39.12
148,232320,22.23,22.1,22.18,24.95,39.16
149,233376,22.25,22.07,22.21,24.96,39.16
150,234434,22.23,22.09,22.2,25.02,39.2
151,235491,22.23,22.1,22.18,25.04,39.23
152,236548,22.21,22.08,22.19,25.03,39.28
153,237604,22.23,22.11,22.21,25.08,39.28
154,238661,22.23,22.08,22.19,25.08,39.38
155,239718,22.24,22.1,22.21,25.1,39.45
156,240776,22.22,22.09,22.22,25.15,39.53
157,241832,22.2,22.08,22.21,25.17,39.61
158,242889,22.23,22.09,22.23,25.18,39.69
159,243946,22.27,22.09,22.21,25.21,39.76
160,245003,22.24,22.08,22.21,25.23,39.86
161,246061,22.22,22.07,22.21,25.27,39.95
162,247117,22.24,22.09,22.24,25.29,40.04
163,248174,22.23,22.09,22.21,25.29,40.11
164,249231,22.24,22.08,22.23,25.32,40.23
165,250288,22.16,22.08,22.21,25.34,40.31
166,251345,22.2,22.08,22.22,25.39,40.37
167,252402,22.22,22.07,22.23,25.41,40.46
168,253459,22.21,22.09,22.23,25.43,40.51
169,254516,22.23,22.1,22.25,25.47,40.6
170,255574,22.27,22.08,22.23,25.48,40.63
171,256630,22.25,22.09,22.23,25.5,40.71
172,257687,22.2,22.09,22.23,25.54,40.76
173,258744,22.23,22.07,22.23,25.56,40.8
174,259802,22.25,22.1,22.24,25.58,40.83
175,260858,22.24,22.1,22.24,25.61,40.88
176,261915,22.23,22.09,22.23,25.61,40.93
177,262972,22.24,22.1,22.23,25.67,40.98
178,264029,22.22,22.09,22.23,25.68,41.04
179,265086,22.23,22.09,22.24,25.71,41.1
180,266143,22.23,22.11,22.25,25.75,41.16
181,267200,22.23,22.09,22.23,25.76,41.19
182,268257,22.23,22.08,22.25,25.82,41.24
183,269314,22.22,22.07,22.25,25.82,41.29
184,270371,22.21,22.08,22.24,25.85,41.33
185,271428,22.23,22.07,22.25,25.88,41.39
186,272485,22.2,22.09,22.25,25.91,41.44
187,273542,22.22,22.11,22.25,25.95,41.47
188,274598,22.26,22.09,22.25,25.96,41.5
189,275655,22.23,22.09,22.25,26.0,41.56
190,276713,22.24,22.07,22.25,26.0,41.58
191,277770,22.21,22.06,22.26,26.03,41.64
192,278827,22.23,22.09,22.29,26.06,41.65
193,279883,22.21,22.07,22.28,26.11,41.67
194,280940,22.26,22.07,22.25,26.12,41.67
195,281997,22.25,22.1,22.28,26.16,41.7
196,283055,22.23,22.07,22.28,26.17,41.67
197,284111,22.22,22.05,22.27,26.2,41.7
198,285168,22.23,22.08,22.28,26.23,41.66
199,286225,22.23,22.07,22.29,26.25,41.66
200,287282,22.24,22.08,22.3,26.28,41.65
201,288339,22.23,22.09,22.29,26.31,41.61
202,289396,22.26,22.08,22.3,26.33,41.58
203,290453,22.26,22.09,22.3,26.4,41.54
204,291510,22.25,22.08,22.29,26.42,41.54
205,292567,22.25,22.1,22.3,26.43,41.51
206,293624,22.23,22.1,22.3,26.48,41.56
207,294681,22.28,22.08,22.3,26.48,41.56
208,295738,22.2,22.09,22.3,26.51,41.58
209,296795,22.26,22.08,22.31,26.54,41.58
210,297851,22.24,22.09,22.31,26.59,41.59
211,298909,22.2,22.1,22.3,26.61,41.58
212,299966,22.22,22.09,22.32,26.63,41.6
213,301023,22.24,22.08,22.33,26.65,41.58
214,302080,22.24,22.08,22.32,26.68,41.56
215,303136,22.24,22.07,22.32,26.7,41.58
216,304194,22.23,22.09,22.31,26.75,41.56
217,305251,22.23,22.08,22.31,26.75,41.58
218,306308,22.24,22.1,22.33,26.81,41.6
219,307364,22.2,22.09,22.34,26.8,41.57
220,308422,22.22,22.08,22.34,26.85,41.56
221,309479,22.23,22.09,22.37,26.88,41.5
222,310536,22.23,22.08,22.34,26.91,41.48
223,311592,22.25,22.09,22.35,26.94,41.47
224,312649,22.23,22.09,22.34,26.96,41.43
225,313707,22.24,22.07,22.36,27.0,41.42
226,314764,22.24,22.07,22.36,27.03,41.44
227,315821,22.24,22.06,22.36,27.04,41.47
228,316877,22.24,22.07,22.37,27.07,41.5
229,317934,22.22,22.09,22.36,27.11,41.54
230,318992,22.22,22.07,22.38,27.13,41.57
231,320049,22.25,22.07,22.37,27.16,41.58
232,321105,22.22,22.07,22.37,27.2,41.58
233,322162,22.26,22.07,22.38,27.22,41.61
234,323220,22.23,22.08,22.38,27.23,41.64
235,324277,22.22,22.07,22.37,27.27,41.65
236,325334,22.18,22.06,22.37,27.28,41.67
237,326390,22.26,22.06,22.37,27.3,41.72
238,327447,22.2,22.08,22.38,27.35,41.8
239,328505,22.2,22.07,22.38,27.38,41.86
240,329562,22.24,22.06,22.38,27.41,41.96
241,330618,22.21,22.06,22.37,27.41,42.01
242,331675,22.22,22.06,22.38,27.46,42.14
243,332732,22.21,22.07,22.39,27.49,42.23
244,333789,22.19,22.07,22.4,27.52,42.3
245,334845,22.21,22.08,22.41,27.54,42.42
246,335903,22.18,22.06,22.43,27.57,42.5
247,336960,22.19,22.06,22.41,27.58,42.59
248,338017,22.22,22.07,22.41,27.6,42.66
249,339074,22.24,22.07,22.43,27.63,42.76
250,340130,22.22,22.06,22.43,27.67,42.87
251,341187,22.18,22.04,22.43,27.68,42.96
252,342244,22.23,22.08,22.43,27.73,43.06
253,343302,22.22,22.06,22.44,27.76,43.13
254,344358,22.21,22.05,22.44,27.78,43.23
255,345415,22.2,22.08,22.44,27.81,43.3
256,346472,22.22,22.06,22.45,27.83,43.38
257,347529,22.21,22.08,22.45,27.86,43.43
258,348585,22.24,22.06,22.44,27.88,43.46
259,349642,22.22,22.07,22.43,27.92,43.51
260,350699,22.16,22.08,22.45,27.94,43.55
261,351756,22.23,22.07,22.45,27.97,43.59
262,352813,22.22,22.07,22.45,27.97,43.63
263,353869,22.21,22.07,22.48,28.0,43.65
264,354926,22.24,22.07,22.49,28.03,43.71
265,355983,22.2,22.07,22.5,28.04,43.7
266,357040,22.21,22.06,22.51,28.07,43.75
267,358096,22.21,22.07,22.51,28.11,43.79
268,359154,22.23,22.09,22.51,28.11,43.82
269,360211,22.19,22.09,22.51,28.14,43.87
270,361268,22.2,22.07,22.51,28.17,43.94
271,362324,22.2,22.08,22.51,28.21,44.02
272,363381,22.19,22.06,22.51,28.2,44.07
273,364438,22.24,22.09,22.52,28.24,44.1
274,365495,22.2,22.09,22.54,28.28,44.14
275,366551,22.24,22.09,22.51,28.29,44.03
276,367607,22.21,22.1,22.51,28.32,43.96
277,368664,22.2,22.07,22.53,28.33,43.85
278,369721,22.21,22.06,22.54,28.36,43.74
279,370778,22.21,22.08,22.54,28.39,43.61
280,371835,22.18,22.04,22.53,28.41,43.57
281,372892,22.23,22.08,22.56,28.46,43.5
282,373949,22.2,22.07,22.57,28.45,43.5
283,375006,22.17,22.06,22.57,28.48,43.47
284,376062,22.21,22.07,22.57,28.51,43.46
285,377119,22.2,22.08,22.57,28.52,43.44
286,378176,22.2,22.04,22.57,28.59,43.49
287,379233,22.2,22.07,22.58,28.58,43.5
288,380290,22.19,22.08,22.58,28.63,43.52
289,381347,22.21,22.08,22.58,28.66,43.52
290,382404,22.2,22.07,22.59,28.67,43.59
291,383461,22.17,22.07,22.58,28.71,43.6
292,384518,22.25,22.07,22.59,28.73,43.62
293,385574,22.2,22.07,22.61,28.76,43.64
294,386631,22.22,22.07,22.64,28.79,43.66
295,387688,22.22,22.11,22.64,28.81,43.7
296,388745,22.18,22.08,22.63,28.8,43.64
297,389801,22.17,22.09,22.65,28.85,43.63
298,390858,22.24,22.09,22.65,28.89,43.62
299,391915,22.24,22.09,22.65,28.89,43.62
300,392972,22.18,22.09,22.64,28.95,43.61
301,394029,22.22,22.09,22.65,28.96,43.64
302,395085,22.23,22.09,22.65,29.01,43.64
303,396142,22.23,22.09,22.66,28.99,43.64
304,397199,22.24,22.09,22.67,29.04,43.63
305,398256,22.21,22.1,22.69,29.05,43.63
306,399312,22.24,22.1,22.71,29.1,43.64
307,400369,22.23,22.1,22.71,29.12,43.65
308,401426,22.21,22.09,22.7,29.13,43.65
309,402483,22.23,22.1,22.71,29.16,43.69
310,403539,22.2,22.09,22.7,29.19,43.67
311,404596,22.19,22.08,22.71,29.21,43.71
312,405653,22.21,22.1,22.71,29.22,43.73
313,406710,22.21,22.09,22.71,29.26,43.78
314,407767,22.23,22.1,22.71,29.29,43.8
315,408823,22.21,22.09,22.74,29.32,43.87
316,409880,22.22,22.11,22.75,29.33,43.91
317,410937,22.21,22.1,22.74,29.36,43.93
318,411994,22.21,22.09,22.77,29.39,44.03
319,413050,22.23,22.11,22.77,29.4,44.08
320,414107,22.19,22.11,22.79,29.42,44.16
321,415164,22.21,22.1,22.78,29.44,44.15
322,416221,22.2,22.1,22.77,29.48,44.27
323,417277,22.23,22.1,22.79,29.52,44.36
324,418334,22.21,22.09,22.8,29.54,44.49
325,419391,22.21,22.08,22.79,29.54,44.62
326,420448,22.18,22.11,22.79,29.59,44.77
327,421505,22.24,22.09,22.79,29.58,44.84
328,422560,22.15,22.1,22.81,29.62,44.99
329,423617,22.2,22.08,22.83,29.65,45.11
330,424674,22.22,22.09,22.84,29.66,45.21
331,425731,22.21,22.11,22.84,29.7,45.29
332,426787,22.18,22.1,22.83,29.73,45.34
333,427844,22.18,22.09,22.86,29.75,45.4
334,428901,22.19,22.07,22.86,29.78,45.48
335,429958,22.18,22.09,22.85,29.77,45.54
336,431014,22.23,22.1,22.86,29.8,45.6
337,432070,22.21,22.1,22.85,29.84,45.67
338,433127,22.2,22.11,22.86,29.87,45.75
339,434184,22.18,22.09,22.88,29.87,45.8
340,435240,22.18,22.11,22.87,29.92,45.86
341,436297,22.19,22.1,22.9,29.94,45.87
342,437354,22.19,22.09,22.92,29.94,45.87
343,438411,22.16,22.1,22.91,29.97,45.89
344,439468,22.2,22.11,22.91,30.0,45.92
345,440524,22.14,22.09,22.92,30.02,45.92
346,441581,22.18,22.09,22.92,30.05,45.91
347,442638,22.17,22.11,22.92,30.09,45.92
348,443695,22.22,22.09,22.92,30.1,45.87
349,444751,22.15,22.11,22.92,30.12,45.86
350,445808,22.2,22.09,22.93,30.14,45.8
351,446865,22.22,22.1,22.95,30.19,45.82
352,447922,22.17,22.11,22.96,30.19,45.8
353,448977,22.2,22.09,22.97,30.21,45.8
354,450034,22.2,22.1,22.99,30.23,45.84
355,451091,22.16,22.12,23.0,30.25,45.83
356,452148,22.21,22.08,22.98,30.27,45.87
357,453204,22.18,22.11,22.98,30.29,45.94
358,454261,22.2,22.11,23.0,30.34,45.97
359,455318,22.2,22.09,22.99,30.33,46.01
360,456375,22.14,22.11,22.99,30.36,45.96
361,457432,22.21,22.09,23.0,30.4,45.99
362,458488,22.22,22.1,23.0,30.41,45.94
363,459545,22.18,22.09,23.01,30.45,45.96
364,460601,22.18,22.1,23.02,30.47,45.93
365,461658,22.23,22.13,23.02,30.47,45.89
366,462714,22.17,22.1,23.04,30.52,45.87
367,463771,22.18,22.1,23.04,30.54,45.86
368,464828,22.18,22.1,23.05,30.54,45.87
369,465885,22.19,22.11,23.04,30.59,45.92
370,466941,22.18,22.11,23.04,30.59,45.95
371,467997,22.16,22.1,23.06,30.63,46.02
372,469054,22.16,22.1,23.05,30.64,46.06
373,470111,22.14,22.09,23.05,30.68,46.12
374,471168,22.24,22.1,23.04,30.69,46.15
375,472224,22.22,22.09,23.06,30.71,46.23
376,473281,22.16,22.11,23.08,30.74,46.28
377,474337,22.18,22.11,23.11,30.76,46.35
378,475394,22.19,22.09,23.11,30.79,46.42
379,476450,22.22,22.1,23.12,30.82,46.47
380,477507,22.15,22.11,23.11,30.87,46.45
381,478564,22.22,22.09,23.12,30.87,46.51
382,479621,22.18,22.11,23.12,30.91,46.51
383,480677,22.18,22.09,23.13,30.93,46.53
384,481734,22.17,22.11,23.15,30.94,46.59
385,482791,22.19,22.11,23.15,30.97,46.59
386,483848,22.17,22.1,23.14,30.98,46.63
387,484904,22.17,22.11,23.17,31.02,46.69
388,485961,22.19,22.11,23.18,31.05,46.71
389,487018,22.18,22.11,23.18,31.05,46.75
390,488075,22.19,22.11,23.19,31.07,46.77
391,489131,22.17,22.11,23.18,31.09,46.81
392,490187,22.18,22.12,23.19,31.14,46.8
393,491244,22.2,22.09,23.19,31.17,46.82
394,492301,22.21,22.11,23.2,31.2,46.77
395,493358,22.15,22.1,23.2,31.2,46.72
396,494414,22.16,22.12,23.23,31.23,46.68
397,495471,22.18,22.11,23.23,31.25,46.65
398,496528,22.2,22.09,23.25,31.25,46.57
399,497585,22.18,22.11,23.24,31.29,46.56
400,498641,22.18,22.11,23.25,31.31,46.55
401,499698,22.16,22.14,23.25,31.32,46.48
402,500754,22.21,22.12,23.26,31.38,46.44
403,501811,22.16,22.11,23.27,31.4,46.39
404,502867,22.2,22.11,23.3,31.41,46.39
405,503924,22.18,22.12,23.31,31.45,46.36
406,504981,22.18,22.14,23.31,31.47,46.35
407,506038,22.18,22.15,23.31,31.49,46.35
408,507095,22.18,22.13,23.31,31.52,46.44
409,508151,22.16,22.16,23.32,31.53,46.5
410,509208,22.18,22.15,23.31,31.57,46.59
411,510265,22.16,22.14,23.33,31.59,46.65
412,511322,22.18,22.14,23.33,31.6,46.62
413,512378,22.17,22.16,23.33,31.63,46.65
414,513435,22.19,22.15,23.34,31.62,46.68
415,514492,22.22,22.16,23.38,31.68,46.72
416,515549,22.18,22.14,23.37,31.69,46.72
417,516605,22.19,22.18,23.39,31.73,46.72
418,517662,22.2,22.16,23.39,31.75,46.75
419,518719,22.16,22.14,23.4,31.78,46.75
420,519776,22.22,22.18,23.41,31.82,46.69
421,520833,22.19,22.16,23.42,31.82,46.66
422,521889,22.16,22.17,23.42,31.87,46.62
423,522946,22.18,22.18,23.45,31.88,46.64
424,524003,22.18,22.18,23.44,31.9,46.59
425,525060,22.18,22.17,23.45,31.92,46.57
426,526116,22.18,22.17,23.46,31.94,46.55
427,527173,22.16,22.17,23.46,31.97,46.55
428,528230,22.21,22.17,23.47,31.98,46.52
429,529287,22.18,22.17,23.47,32.01,46.55
430,530343,22.2,22.16,23.47,32.04,46.51
431,531400,22.17,22.16,23.5,32.07,46.55
432,532457,22.18,22.17,23.52,32.07,46.5
433,533514,22.18,22.18,23.52,32.1,46.52
434,534572,22.18,22.18,23.52,32.15,46.54
435,535628,22.2,22.16,23.52,32.14,46.56
436,536685,22.21,22.17,23.53,32.16,46.63
437,537742,22.18,22.16,23.53,32.16,46.67
438,538799,22.22,22.17,23.54,32.2,46.74
439,539855,22.18,22.17,23.54,32.24,46.79
440,540912,22.2,22.16,23.57,32.25,46.82
441,541969,22.18,22.18,23.54,32.27,46.87
442,543026,22.18,22.18,23.59,32.28,46.9
443,544082,22.14,22.16,23.58,32.33,46.92
444,545139,22.17,22.18,23.59,32.33,47.01
445,546196,22.18,22.17,23.59,32.37,47.09
446,547253,22.15,22.17,23.58,32.37,47.13
447,548310,22.16,22.17,23.59,32.39,47.19
448,549366,22.17,22.17,23.58,32.42,47.21
449,550423,22.16,22.17,23.6,32.43,47.24
450,551480,22.18,22.17,23.6,32.46,47.24
451,552537,22.16,22.18,23.62,32.46,47.27
452,553593,22.14,22.18,23.62,32.49,47.29
453,554650,22.16,22.16,23.62,32.49,47.33
454,555707,22.18,22.16,23.65,32.52,47.37
455,556764,22.14,22.17,23.65,32.53,47.45
456,557820,22.14,22.17,23.65,32.56,47.54
457,558877,22.14,22.16,23.65,32.56,47.6
458,559934,22.16,22.18,23.67,32.6,47.66
459,560992,22.16,22.16,23.66,32.61,47.7
460,562049,22.17,22.16,23.67,32.64,47.71
461,563105,22.18,22.16,23.69,32.64,47.75
462,564162,22.16,22.18,23.68,32.7,47.79
463,565219,22.15,22.18,23.7,32.7,47.78
464,566276,22.14,22.16,23.7,32.7,47.8
465,567332,22.12,22.16,23.72,32.74,47.85
466,568389,22.14,22.17,23.72,32.74,47.88
467,569446,22.16,22.18,23.74,32.79,47.9
468,570503,22.17,22.18,23.73,32.79,47.89
469,571559,22.13,22.19,23.73,32.82,47.89
470,572616,22.18,22.18,23.76,32.85,47.91
471,573673,22.15,22.18,23.76,32.86,47.9
472,574730,22.12,22.18,23.77,32.89,47.91
473,575787,22.15,22.18,23.79,32.88,47.92
474,576843,22.16,22.18,23.79,32.93,47.95
475,577900,22.14,22.2,23.8,32.97,47.99
476,578957,22.15,22.17,23.79,32.95,48.06
477,580014,22.11,22.17,23.79,32.98,47.32
478,581070,22.15,22.19,23.8,32.99,48.08
479,582127,22.16,22.18,23.81,33.02,48.1
480,583184,22.11,22.18,23.81,33.05,48.14
481,584242,22.16,22.19,23.82,33.06,48.15
482,585298,22.16,22.17,23.83,33.06,48.22
483,586355,22.2,22.18,23.85,33.09,48.29
484,587412,22.18,22.2,23.85,33.12,48.34
485,588469,22.14,22.19,23.86,33.14,48.4
486,589526,22.18,22.21,23.87,33.16,48.47
487,590582,22.16,22.19,23.87,33.18,48.54
488,591639,22.14,22.21,23.87,33.21,48.58
489,592696,22.18,22.22,23.87,33.2,48.66
490,593753,22.19,22.18,23.87,33.23,48.7
491,594810,22.16,22.2,23.87,33.24,48.69
492,595867,22.14,22.2,23.89,33.28,48.7
493,596924,22.18,22.21,23.93,33.29,48.74
494,597981,22.15,22.21,23.92,33.31,48.75
495,599037,22.16,22.2,23.93,33.33,48.79
496,600094,22.16,22.2,23.92,33.36,48.79
497,601151,22.16,22.2,23.93,33.36,48.87
498,602209,22.18,22.2,23.93,33.39,48.86
499,603266,22.14,22.2,23.94,33.4,48.9
500,604322,22.17,22.18,23.94,33.43,48.92
501,605379,22.15,22.18,23.96,33.43,48.95
502,606436,22.17,22.21,23.96,33.47,48.97
503,607493,22.14,22.2,23.95,33.47,49.0
504,608549,22.16,22.2,23.97,33.49,48.98
505,609606,22.12,22.19,24.0,33.5,48.92
506,610663,22.14,22.2,23.99,33.52,48.86
507,611720,22.12,22.21,24.01,33.55,48.78
508,612776,22.11,22.21,24.0,33.58,48.73
509,613834,22.14,22.23,24.01,33.56,48.63
510,614891,22.15,22.2,24.0,33.58,48.59
511,615948,22.12,22.21,24.02,33.63,48.59
512,617005,22.19,22.21,24.01,33.64,48.61
513,618061,22.17,22.22,24.02,33.67,48.61
514,619118,22.14,22.24,24.07,33.68,48.69
515,620175,22.15,22.23,24.07,33.71,48.73
516,621232,22.1,22.25,24.05,33.75,48.81
517,622288,22.17,22.23,24.07,33.74,48.86
518,623345,22.14,22.23,24.08,33.76,48.9
519,624402,22.13,22.23,24.08,33.81,48.98
520,625459,22.11,22.23,24.08,33.82,49.0
521,626516,22.14,22.23,24.1,33.83,49.1
522,627573,22.18,22.24,24.11,33.88,49.12
523,628630,22.16,22.23,24.12,33.89,49.11
524,629687,22.14,22.23,24.13,33.88,49.11
525,630744,22.12,22.24,24.13,33.92,49.16
526,631800,22.16,22.24,24.13,33.95,49.17
527,632858,22.14,22.23,24.14,33.97,49.19
528,633915,22.14,22.23,24.13,33.98,49.21
529,634972,22.11,22.23,24.14,34.02,49.3
530,636028,22.14,22.25,24.15,34.04,49.33
531,637085,22.1,22.22,24.18,34.08,49.35
532,638142,22.15,22.23,24.2,34.08,49.41
533,639200,22.13,22.25,24.2,34.11,49.46
534,640257,22.15,22.25,24.19,34.11,49.55
535,641313,22.1,22.25,24.21,34.13,49.58
536,642370,22.11,22.24,24.2,34.16,49.57
537,643427,22.13,22.23,24.2,34.2,49.58
538,644484,22.16,22.24,24.23,34.2,49.64
539,645540,22.1,22.25,24.21,34.22,49.64
540,646598,22.09,22.24,24.23,34.24,49.69
541,647655,22.13,22.23,24.26,34.25,49.77
542,648712,22.11,22.24,24.27,34.3,49.77
543,649768,22.12,22.25,24.26,34.29,49.78
544,650825,22.1,22.24,24.26,34.32,49.81
545,651883,22.11,22.24,24.26,34.34,49.83
546,652940,22.1,22.24,24.26,34.36,49.77
547,653997,22.09,22.25,24.27,34.37,49.75
548,655053,22.09,22.24,24.29,34.41,49.7
549,656110,22.13,22.24,24.3,34.43,49.67
550,657168,22.09,22.23,24.3,34.44,49.62
551,658225,22.09,22.25,24.31,34.47,49.6
552,659281,22.08,22.24,24.34,34.51,49.57
553,660338,22.06,22.24,24.33,34.51,49.59
554,661395,22.09,22.25,24.35,34.51,49.6
555,662452,22.11,22.24,24.34,34.56,49.62
556,663508,22.09,22.24,24.35,34.57,49.64
557,664566,22.09,22.25,24.36,34.62,49.74
558,665623,22.11,22.26,24.36,34.63,49.76
559,666680,22.09,22.25,24.38,34.65,49.83
560,667737,22.12,22.24,24.39,34.64,49.86
561,668793,22.09,22.25,24.39,34.71,49.88
562,669850,22.09,22.24,24.39,34.71,49.93
563,670908,22.09,22.26,24.4,34.76,49.98
564,671965,22.08,22.26,24.41,34.75,50.0
565,673021,22.07,22.26,24.4,34.79,50.03
566,674078,22.09,22.26,24.41,34.79,50.04
567,675135,22.14,22.25,24.41,34.82,50.06
568,676192,22.09,22.25,24.42,34.85,50.04
569,677249,22.09,22.24,24.46,34.86,50.08
570,678305,22.1,22.25,24.46,34.9,50.1
571,679362,22.09,22.26,24.46,34.93,50.13
572,680419,22.07,22.27,24.46,34.91,50.08
573,681476,22.07,22.24,24.48,34.95,50.09
574,682532,22.07,22.25,24.48,34.97,50.09
575,683589,22.09,22.28,24.48,34.99,50.08
576,684647,22.07,22.27,24.5,35.01,50.15
577,685704,22.02,22.27,24.49,35.05,50.15
578,686760,22.05,22.27,24.53,35.05,50.18
579,687817,22.07,22.27,24.53,35.07,50.2
580,688874,22.05,22.26,24.53,35.11,50.24
581,689932,22.03,22.29,24.54,35.12,50.24
582,690989,22.08,22.28,24.55,35.12,50.22
583,692045,22.09,22.29,24.55,35.14,50.23
584,693102,22.07,22.28,24.55,35.2,50.24
585,694160,22.09,22.31,24.57,35.22,50.19
586,695217,22.09,22.3,24.58,35.21,50.15
587,696273,22.09,22.29,24.59,35.23,50.11
588,697330,22.09,22.29,24.6,35.27,50.09
589,698387,22.04,22.31,24.59,35.27,50.03
590,699444,22.06,22.29,24.61,35.32,50.02
591,700500,22.07,22.29,24.62,35.33,50.01
592,701558,22.08,22.3,24.63,35.35,49.93
593,702615,22.07,22.31,24.63,35.38,49.88
594,703672,22.09,22.31,24.65,35.39,49.87
595,704729,22.09,22.31,24.66,35.42,49.81
596,705785,22.06,22.29,24.66,35.46,49.79
597,706842,22.08,22.3,24.67,35.47,49.76
598,707899,22.09,22.31,24.67,35.48,49.78
599,708956,22.08,22.34,24.68,35.48,49.77
600,710013,22.05,22.33,24.68,35.53,49.84
601,711070,22.12,22.31,24.73,35.53,49.88
602,712127,22.08,22.34,24.73,35.58,49.89
603,713184,22.08,22.34,24.73,35.58,49.93
604,714241,22.08,22.32,24.74,35.62,49.95
605,715297,22.09,22.31,24.75,35.62,50.0
606,716354,22.09,22.33,24.75,35.65,50.01
607,717412,22.09,22.32,24.75,35.66,49.98
608,718469,22.08,22.34,24.76,35.69,49.99
609,719525,22.11,22.32,24.75,35.69,50.04
610,720582,22.08,22.33,24.77,35.75,50.09
611,721639,22.11,22.32,24.8,35.75,50.13
612,722696,22.1,22.34,24.8,35.75,50.18
613,723753,22.09,22.34,24.81,35.77,50.22
614,724810,22.1,22.35,24.82,35.8,50.25
615,725867,22.06,22.35,24.82,35.83,50.23
616,726924,22.08,22.36,24.83,35.87,50.28
617,727982,22.1,22.36,24.85,35.88,50.27
618,729038,22.06,22.37,24.86,35.88,50.28
619,730095,22.07,22.34,24.85,35.89,50.26
620,731152,22.08,22.36,24.85,35.91,50.27
621,732209,22.06,22.37,24.86,35.93,50.24
622,733266,22.11,22.37,24.87,35.95,50.16
623,734323,22.04,22.36,24.87,35.96,50.15
624,735380,22.1,22.36,24.89,36.0,50.13
625,736437,22.04,22.36,24.89,36.02,50.12
626,737494,22.07,22.35,24.9,36.02,50.1
627,738550,22.07,22.36,24.93,36.05,50.11
628,739607,22.05,22.37,24.93,36.08,50.13
629,740664,22.11,22.36,24.93,36.07,50.15
630,741722,22.1,22.38,24.94,36.1,50.18
631,742778,22.07,22.37,24.95,36.14,50.17
632,743835,22.11,22.37,24.97,36.15,50.23
633,744892,22.05,22.38,24.95,36.16,50.25
634,745949,22.09,22.37,24.95,36.18,50.32
635,747005,22.11,22.41,24.98,36.19,50.35
636,748063,22.09,22.38,25.0,36.21,50.42
637,749120,22.09,22.4,25.0,36.22,50.48
638,750177,22.11,22.4,25.01,36.24,50.55
639,751234,22.11,22.41,25.01,36.26,50.61
640,752290,22.1,22.41,25.01,36.27,50.67
641,753347,22.1,22.39,25.02,36.31,50.72
642,754404,22.07,22.4,25.03,36.3,50.74
643,755461,22.07,22.41,25.05,36.33,50.76
644,756517,22.1,22.42,25.05,36.36,50.79
645,757574,22.1,22.41,25.06,36.38,50.82
646,758632,22.13,22.41,25.07,36.4,50.83
647,759689,22.11,22.42,25.07,36.41,50.85
648,760745,22.12,22.43,25.08,36.44,50.89
649,761802,22.09,22.43,25.1,36.44,50.91
650,762859,22.12,22.42,25.08,36.43,50.92
651,763916,22.09,22.43,25.11,36.5,50.99
652,764973,22.08,22.44,25.1,36.5,50.96
653,766029,22.11,22.45,25.13,36.5,50.97
654,767087,22.09,22.43,25.14,36.54,50.97
655,768144,22.09,22.45,25.14,36.55,51.02
656,769201,22.08,22.45,25.15,36.57,51.01
657,770257,22.11,22.43,25.17,36.57,51.06
658,771314,22.11,22.43,25.16,36.59,51.06
659,772372,22.07,22.43,25.18,36.58,51.07
660,773429,22.1,22.46,25.2,36.61,51.04
661,774486,22.09,22.45,25.2,36.64,51.09
662,775542,22.08,22.45,25.2,36.65,51.08
663,776599,22.09,22.45,25.22,36.66,51.06
664,777657,22.09,22.45,25.23,36.71,51.08
665,778714,22.09,22.46,25.25,36.71,51.08
666,779770,22.14,22.45,25.26,36.71,51.06
667,780827,22.09,22.48,25.26,36.74,51.06
668,781884,22.11,22.48,25.28,36.78,51.06
669,782941,22.11,22.5,25.27,36.8,51.03
670,783998,22.09,22.48,25.28,36.8,50.95
671,785055,22.11,22.51,25.3,36.8,50.96
672,786112,22.07,22.5,25.31,36.85,50.95
673,787169,22.1,22.49,25.33,36.85,50.93
674,788226,22.12,22.5,25.33,36.86,50.9
675,789282,22.12,22.5,25.33,36.88,50.9
676,790340,22.11,22.51,25.35,36.92,50.89
677,791397,22.11,22.51,25.36,36.91,50.87
678,792454,22.1,22.51,25.4,36.93,50.88
679,793510,22.11,22.52,25.4,36.95,50.84
680,794567,22.13,22.52,25.41,36.95,50.86
681,795625,22.11,22.51,25.4,36.99,50.86
682,796682,22.09,22.51,25.41,37.0,50.84
683,797739,22.13,22.5,25.41,37.0,50.8
684,798795,22.15,22.53,25.43,37.07,50.79
685,799852,22.12,22.55,25.45,37.05,50.86
686,800909,22.13,22.52,25.45,37.08,50.87
687,801967,22.13,22.55,25.48,37.08,50.86
688,803023,22.09,22.54,25.47,37.09,50.89
689,804080,22.13,22.54,25.47,37.13,50.86
690,805137,22.11,22.55,25.48,37.15,50.88
691,806194,22.13,22.54,25.49,37.14,50.87
692,807251,22.13,22.54,25.53,37.18,50.86
693,808308,22.12,22.57,25.52,37.2,50.87
694,809365,22.14,22.57,25.53,37.21,50.85
695,810422,22.14,22.55,25.54,37.22,50.83
696,811479,22.11,22.56,25.54,37.23,50.81
697,812536,22.11,22.58,25.55,37.26,50.83
698,813593,22.14,22.57,25.56,37.26,50.85
699,814650,22.1,22.57,25.6,37.3,50.85
700,815707,22.13,22.59,25.6,37.3,50.83
701,816763,22.11,22.59,25.6,37.31,50.85
702,817821,22.1,22.58,25.6,37.35,50.84
703,818878,22.11,22.59,25.61,37.38,50.83
704,819935,22.1,22.58,25.62,37.4,50.81
705,820992,22.16,22.59,25.65,37.38,50.8
706,822048,22.14,22.61,25.67,37.42,50.79
707,823106,22.14,22.61,25.67,37.44,50.76
708,824163,22.11,22.6,25.67,37.44,50.73
709,825220,22.16,22.61,25.68,37.44,50.74
710,826276,22.14,22.62,25.68,37.48,50.65
711,827333,22.14,22.62,25.7,37.49,50.63
712,828391,22.13,22.62,25.71,37.49,50.59
713,829448,22.11,22.64,25.71,37.53,50.56
714,830504,22.11,22.64,25.74,37.54,50.46
715,831561,22.11,22.64,25.73,37.52,50.43
716,832619,22.14,22.63,25.75,37.57,50.4
717,833676,22.15,22.63,25.75,37.56,50.37
718,834733,22.11,22.64,25.75,37.59,50.3
719,835790,22.11,22.64,25.77,37.6,50.25
720,836847,22.08,22.65,25.77,37.6,50.24
721,837904,22.11,22.64,25.81,37.63,50.2
722,838962,22.11,22.64,25.81,37.63,50.17
723,840018,22.13,22.64,25.81,37.66,50.16
724,841075,22.09,22.65,25.81,37.66,50.19
725,842132,22.08,22.64,25.8,37.67,50.12
726,843190,22.12,22.65,25.83,37.71,50.17
727,844247,22.11,22.64,25.82,37.72,50.11
728,845303,22.09,22.65,25.83,37.72,50.09
729,846360,22.13,22.64,25.85,37.74,50.07
730,847417,22.09,22.65,25.86,37.78,50.04
731,848475,22.09,22.65,25.87,37.77,50.03
732,849531,22.13,22.66,25.87,37.79,50.01
733,850588,22.11,22.65,25.88,37.78,50.01
734,851645,22.09,22.65,25.89,37.8,50.0
735,852702,22.12,22.67,25.9,37.82,49.96
736,853760,22.16,22.66,25.9,37.85,49.92
737,854816,22.07,22.66,25.93,37.85,49.89
738,855873,22.09,22.69,25.93,37.87,49.85
739,856930,22.11,22.65,25.94,37.87,49.86
740,857988,22.1,22.68,25.94,37.87,49.81
741,859044,22.11,22.69,25.94,37.94,49.79
742,860101,22.1,22.69,25.95,37.92,49.78
743,861158,22.1,22.7,25.97,37.93,49.71
744,862216,22.09,22.69,25.98,37.94,49.7
745,863272,22.1,22.7,26.01,37.96,49.68
746,864329,22.09,22.69,25.99,37.97,49.62
747,865386,22.08,22.69,26.0,37.97,49.61
748,866444,22.14,22.68,26.01,38.0,49.56
749,867501,22.06,22.69,26.02,38.0,49.54
750,868557,22.11,22.69,26.03,38.01,49.57
751,869614,22.11,22.7,26.03,38.01,49.58
752,870671,22.13,22.7,26.03,38.04,49.57
753,871728,22.09,22.71,26.04,38.06,49.63
754,872785,22.12,22.72,26.07,38.08,49.65
755,873842,22.1,22.7,26.07,38.06,49.7
756,874899,22.08,22.71,26.06,38.09,49.7
757,875956,22.05,22.71,26.07,38.08,49.72
758,877012,22.09,22.72,26.07,38.08,49.77
759,878070,22.08,22.69,26.08,38.13,49.77
760,879127,22.09,22.7,26.08,38.13,49.82
761,880184,22.11,22.7,26.11,38.13,49.83
762,881241,22.11,22.72,26.12,38.16,49.82
763,882298,22.08,22.72,26.11,38.16,49.86
764,883355,22.08,22.7,26.12,38.16,49.88
765,884412,22.14,22.71,26.13,38.14,49.93
766,885469,22.11,22.72,26.15,38.15,49.98
767,886526,22.07,22.72,26.14,38.18,49.97
768,887583,22.11,22.72,26.16,38.2,50.01
769,888640,22.04,22.72,26.16,38.19,50.07
770,889697,22.08,22.73,26.16,38.22,50.09
771,890755,22.09,22.72,26.18,38.21,50.12
772,891811,22.11,22.74,26.21,38.23,50.17
773,892868,22.14,22.75,26.22,38.23,50.21
774,893926,22.14,22.75,26.21,38.24,50.27
775,894983,22.09,22.77,26.22,38.24,50.26
776,896039,22.11,22.77,26.23,38.28,50.31
777,897097,22.1,22.77,26.23,38.28,50.35
778,898154,22.09,22.78,26.25,38.28,50.37
779,899211,22.09,22.77,26.26,38.27,50.4
780,900268,22.11,22.77,26.26,38.28,50.39
781,901325,22.14,22.77,26.26,38.28,50.43
782,902382,22.09,22.76,26.26,38.28,50.42
783,903440,22.14,22.76,26.28,38.3,50.44
784,904497,22.09,22.79,26.27,38.31,50.49
785,905553,22.13,22.79,26.28,38.33,50.49
786,906611,22.1,22.78,26.32,38.33,50.54
787,907668,22.08,22.79,26.32,38.35,50.51
788,908725,22.1,22.79,26.33,38.36,50.54
789,909783,22.1,22.8,26.34,38.35,50.52
790,910839,22.11,22.81,26.34,38.36,50.48
791,911896,22.07,22.8,26.34,38.37,50.42
792,912954,22.11,22.81,26.35,38.35,50.37
793,914011,22.09,22.8,26.36,38.37,50.35
794,915067,22.09,22.81,26.35,38.38,50.32
795,916125,22.08,22.81,26.4,38.4,50.31
796,917182,22.09,22.82,26.4,38.38,50.31
797,918240,22.09,22.83,26.39,38.42,50.27
798,919297,22.09,22.8,26.4,38.4,50.29
799,920353,22.11,22.84,26.41,38.42,50.19
800,921411,22.09,22.84,26.42,38.42,50.21
801,922468,22.08,22.84,26.42,38.43,50.12
802,923525,22.08,22.85,26.42,38.47,50.12
803,924582,22.09,22.84,26.43,38.43,50.11
804,925639,22.07,22.82,26.45,38.45,50.15
805,926696,22.11,22.85,26.47,38.48,50.12
806,927754,22.09,22.84,26.46,38.51,50.18
807,928811,22.13,22.86,26.47,38.52,50.16
808,929868,22.12,22.85,26.48,38.54,50.16
809,930925,22.13,22.88,26.5,38.52,50.15
810,931982,22.09,22.86,26.53,38.54,50.17
811,933040,22.13,22.88,26.53,38.56,50.16
812,934096,22.11,22.89,26.53,38.57,50.15
813,935154,22.13,22.88,26.54,38.55,50.18
814,936211,22.09,22.9,26.55,38.58,50.18
815,937268,22.09,22.9,26.56,38.57,50.19
816,938326,22.12,22.89,26.55,38.55,50.22
817,939382,22.08,22.91,26.59,38.59,50.3
818,940440,22.12,22.91,26.58,38.59,50.25
819,941497,22.13,22.92,26.61,38.6,50.28
820,942554,22.16,22.91,26.6,38.64,50.29
821,943611,22.09,22.92,26.62,38.6,50.34
822,944668,22.11,22.92,26.61,38.62,50.39
823,945726,22.12,22.91,26.62,38.64,50.4
824,946783,22.09,22.93,26.64,38.64,50.43
825,947840,22.15,22.93,26.66,38.66,50.45
826,948897,22.16,22.94,26.67,38.65,50.45
827,949954,22.11,22.96,26.67,38.66,50.49
828,951012,22.12,22.94,26.67,38.68,50.51
829,952069,22.11,22.94,26.68,38.69,50.55
830,953125,22.16,22.96,26.71,38.72,50.53
831,954183,22.16,22.98,26.71,38.72,50.56
832,955240,22.14,22.96,26.73,38.74,50.54
833,956297,22.14,22.98,26.73,38.72,50.53
834,957355,22.18,22.99,26.74,38.71,50.54
835,958411,22.16,22.98,26.75,38.74,50.58
836,959468,22.17,22.98,26.74,38.74,50.54
837,960526,22.14,22.98,26.75,38.78,50.57
838,961583,22.16,22.99,26.77,38.78,50.6
839,962640,22.18,22.98,26.8,38.78,50.58
840,963697,22.16,23.0,26.8,38.8,50.63
841,964754,22.14,22.99,26.79,38.78,50.62
842,965812,22.2,22.99,26.8,38.82,50.69
843,966868,22.15,23.01,26.82,38.83,50.7
844,967925,22.18,23.0,26.82,38.8,50.73
845,968983,22.17,22.99,26.83,38.85,50.74
846,970040,22.16,23.01,26.83,38.82,50.8
847,971097,22.18,23.02,26.86,38.85,50.82
848,972154,22.16,23.03,26.85,38.84,50.83
849,973211,22.18,23.03,26.87,38.87,50.84
850,974268,22.17,23.02,26.87,38.87,50.8
851,975326,22.18,23.03,26.87,38.87,50.7
852,976382,22.19,23.03,26.88,38.86,50.63
853,977439,22.22,23.05,26.88,38.9,50.58
854,978497,22.18,23.06,26.88,38.88,50.48
855,979554,22.19,23.04,26.9,38.88,50.45
856,980611,22.15,23.05,26.93,38.95,50.43
857,981668,22.22,23.06,26.93,38.92,50.44
858,982725,22.17,23.04,26.93,38.92,50.43
859,983783,22.15,23.06,26.94,38.92,50.42
860,984840,22.2,23.04,26.93,38.96,50.42
861,985896,22.18,23.04,26.95,38.93,50.45
862,986954,22.16,23.07,26.96,38.95,50.42
863,988011,22.14,23.04,26.95,38.95,50.46
864,989068,22.18,23.06,26.99,38.97,50.46
865,990126,22.19,23.06,27.0,38.98,50.48
866,991182,22.18,23.07,27.0,39.01,50.53
867,992239,22.15,23.09,27.01,39.0,50.54
868,993297,22.12,23.09,27.02,39.03,50.54
869,994354,22.2,23.11,27.03,39.0,50.57
870,995410,22.18,23.1,27.02,39.02,50.54
871,996468,22.21,23.1,27.03,39.01,50.55
872,997525,22.18,23.11,27.06,39.03,50.61
873,998583,22.22,23.13,27.05,39.06,50.62
874,999640,22.22,23.11,27.06,39.07,50.61
875,1000696,22.26,23.13,27.08,39.07,50.66
876,1001754,22.23,23.13,27.08,39.09,50.67
877,1002812,22.21,23.12,27.07,39.08,50.67
878,1003870,22.18,23.13,27.1,39.1,50.68
879,1004928,22.2,23.12,27.1,39.1,50.67
880,1005984,22.2,23.13,27.13,39.1,50.67
881,1007042,22.18,23.15,27.13,39.12,50.67
882,1008100,22.18,23.16,27.13,39.13,50.69
883,1009158,22.2,23.17,27.13,39.12,50.71
884,1010215,22.18,23.15,27.15,39.13,50.68
885,1011273,22.21,23.18,27.15,39.15,50.7
886,1012331,22.18,23.19,27.16,39.15,50.71
887,1013389,22.19,23.18,27.18,39.15,50.77
888,1014446,22.2,23.2,27.2,39.17,50.78
889,1015503,22.18,23.18,27.19,39.17,50.77
890,1016561,22.24,23.2,27.22,39.17,50.79
891,1017619,22.21,23.18,27.22,39.19,50.8
892,1018677,22.22,23.2,27.21,39.2,50.79
893,1019735,22.19,23.18,27.23,39.21,50.79
894,1020792,22.19,23.21,27.24,39.2,50.82
895,1021850,22.22,23.18,27.25,39.24,50.83
896,1022908,22.21,23.19,27.26,39.24,50.82
897,1023965,22.24,23.2,27.28,39.22,50.76
898,1025022,22.2,23.22,27.27,39.25,50.81
899,1026080,22.24,23.23,27.27,39.28,50.79
900,1027138,22.17,23.21,27.27,39.25,50.8
901,1028196,22.16,23.23,27.28,39.27,50.76
902,1029254,22.21,23.21,27.28,39.28,50.79
903,1030311,22.19,23.25,27.3,39.29,50.77
904,1031369,22.21,23.24,27.3,39.32,50.79
905,1032426,22.2,23.25,27.34,39.32,50.81
906,1033484,22.18,23.26,27.35,39.31,50.76
907,1034542,22.19,23.26,27.33,39.32,50.73
908,1035599,22.18,23.27,27.34,39.34,50.73
909,1036657,22.18,23.26,27.34,39.34,50.73
910,1037715,22.22,23.26,27.36,39.36,50.71
911,1038773,22.18,23.27,27.36,39.36,50.69
912,1039831,22.19,23.25,27.38,39.37,50.68
913,1040888,22.18,23.28,27.39,39.37,50.69
914,1041946,22.24,23.25,27.4,39.39,50.69
915,1043003,22.21,23.28,27.39,39.38,50.68
916,1044061,22.22,23.28,27.41,39.38,50.7
917,1045118,22.22,23.31,27.4,39.4,50.71
918,1046176,22.23,23.31,27.42,39.37,50.68
919,1047234,22.25,23.31,27.41,39.39,50.63
920,1048292,22.23,23.32,27.41,39.41,50.63
921,1049350,22.21,23.3,27.44,39.41,50.67
922,1050407,22.21,23.31,27.46,39.44,50.68
923,1051465,22.23,23.32,27.46,39.44,50.65
924,1052522,22.23,23.33,27.46,39.46,50.67
925,1053580,22.23,23.33,27.46,39.45,50.68
926,1054638,22.2,23.32,27.46,39.48,50.64
927,1055695,22.21,23.33,27.47,39.47,50.65
928,1056753,22.18,23.33,27.48,39.47,50.66
929,1057811,22.16,23.33,27.48,39.5,50.67
930,1058869,22.21,23.36,27.49,39.51,50.67
931,1059927,22.2,23.34,27.51,39.53,50.64
932,1060984,22.21,23.34,27.53,39.51,50.67
933,1062041,22.2,23.33,27.55,39.55,50.66
934,1063099,22.24,23.36,27.55,39.53,50.66
935,1064157,22.25,23.36,27.54,39.56,50.66
936,1065214,22.21,23.36,27.55,39.56,50.67
937,1066272,22.23,23.36,27.55,39.57,50.65
938,1067330,22.19,23.4,27.56,39.61,50.67
939,1068387,22.22,23.35,27.57,39.59,50.65
940,1069445,22.21,23.38,27.58,39.61,50.62
941,1070502,22.24,23.38,27.58,39.59,50.59
942,1071560,22.2,23.39,27.58,39.59,50.59
943,1072618,22.22,23.38,27.6,39.59,50.59
944,1073676,22.22,23.38,27.59,39.6,50.55
945,1074733,22.2,23.38,27.6,39.63,50.55
946,1075790,22.19,23.38,27.6,39.6,50.54
947,1076848,22.18,23.39,27.6,39.63,50.54
948,1077906,22.21,23.38,27.6,39.63,50.49
949,1078964,22.2,23.39,27.61,39.64,50.5
950,1080022,22.22,23.39,27.65,39.68,50.48
951,1081079,22.21,23.4,27.64,39.68,50.47
952,1082137,22.19,23.41,27.67,39.7,50.49
953,1083195,22.23,23.42,27.66,39.69,50.46
954,1084253,22.22,23.42,27.67,39.68,50.52
955,1085310,22.2,23.43,27.67,39.71,50.51
956,1086368,22.22,23.45,27.68,39.69,50.55
957,1087426,22.2,23.45,27.67,39.71,50.53
958,1088484,22.22,23.45,27.7,39.74,50.57
959,1089541,22.22,23.43,27.7,39.74,50.57
960,1090598,22.24,23.45,27.71,39.74,50.55
961,1091656,22.2,23.45,27.73,39.74,50.55
962,1092714,22.2,23.44,27.71,39.78,50.53
963,1093772,22.23,23.47,27.73,39.76,50.51
964,1094830,22.2,23.46,27.74,39.77,50.49
965,1095887,22.26,23.45,27.74,39.74,50.54
966,1096945,22.26,23.46,27.75,39.78,50.5
967,1098003,22.22,23.45,27.75,39.79,50.49
968,1099061,22.23,23.47,27.76,39.8,50.47
969,1100119,22.22,23.48,27.78,39.8,50.44
970,1101176,22.24,23.48,27.79,39.83,50.48
971,1102234,22.3,23.51,27.8,39.81,50.53
972,1103292,22.24,23.49,27.8,39.81,50.49
973,1104350,22.26,23.52,27.8,39.82,50.52
974,1105408,22.26,23.5,27.81,39.83,50.56
975,1106465,22.28,23.5,27.81,39.83,50.54
976,1107523,22.26,23.51,27.8,39.84,50.56
977,1108581,22.25,23.52,27.8,39.84,50.57
978,1109639,22.2,23.52,27.83,39.84,50.53
979,1110696,22.26,23.52,27.84,39.86,50.47
980,1111754,22.24,23.54,27.84,39.88,50.47
981,1112812,22.28,23.54,27.87,39.88,50.49
982,1113870,22.27,23.52,27.87,39.9,50.52
983,1114928,22.24,23.53,27.88,39.86,50.54
984,1115985,22.26,23.54,27.87,39.89,50.55
985,1117043,22.24,23.53,27.88,39.9,50.59
986,1118101,22.25,23.55,27.88,39.91,50.67
987,1119159,22.25,23.55,27.92,39.91,50.72
988,1120217,22.28,23.53,27.89,39.9,50.73
989,1121273,22.27,23.57,27.91,39.94,50.77
990,1122331,22.22,23.56,27.91,39.93,50.83
991,1123389,22.29,23.58,27.93,39.9,50.83
992,1124447,22.27,23.55,27.94,39.91,50.84
993,1125505,22.25,23.56,27.95,39.91,50.87
994,1126562,22.26,23.57,27.95,39.91,50.85
